{
   "0": {
      "0": 0.5,
      "0.01": 0.503989356,
      "0.02": 0.507978314,
      "0.03": 0.511966473,
      "0.04": 0.515953437,
      "0.05": 0.519938806,
      "0.06": 0.523922183,
      "0.07": 0.52790317,
      "0.08": 0.531881372,
      "0.09": 0.535856393
   },
   "1": {
      "0": 0.841344746,
      "0.01": 0.843752355,
      "0.02": 0.84613577,
      "0.03": 0.848494997,
      "0.04": 0.85083005,
      "0.05": 0.853140944,
      "0.06": 0.8554277,
      "0.07": 0.857690346,
      "0.08": 0.85992891,
      "0.09": 0.862143428
   },
   "2": {
      "0": 0.977249868,
      "0.01": 0.977784406,
      "0.02": 0.978308306,
      "0.03": 0.97882173,
      "0.04": 0.979324837,
      "0.05": 0.979817785,
      "0.06": 0.98030073,
      "0.07": 0.980773828,
      "0.08": 0.981237234,
      "0.09": 0.9816911
   },
   "3": {
      "0": 0.998650102,
      "0.01": 0.998693762,
      "0.02": 0.998736127,
      "0.03": 0.998777231,
      "0.04": 0.998817109,
      "0.05": 0.998855793,
      "0.06": 0.998893315,
      "0.07": 0.998929706,
      "0.08": 0.998964997,
      "0.09": 0.998999218
   },
   "4": {
      "0": 0.999968329,
      "0.01": 0.999969641,
      "0.02": 0.999970901,
      "0.03": 0.999972112,
      "0.04": 0.999973274,
      "0.05": 0.999974391,
      "0.06": 0.999975464,
      "0.07": 0.999976493,
      "0.08": 0.999977482,
      "0.09": 0.999978431
   },
   "0.1": {
      "0": 0.539827837,
      "0.01": 0.543795313,
      "0.02": 0.547758426,
      "0.03": 0.551716787,
      "0.04": 0.555670005,
      "0.05": 0.559617692,
      "0.06": 0.563559463,
      "0.07": 0.567494932,
      "0.08": 0.571423716,
      "0.09": 0.575345435
   },
   "0.2": {
      "0": 0.579259709,
      "0.01": 0.583166163,
      "0.02": 0.587064423,
      "0.03": 0.590954115,
      "0.04": 0.594834872,
      "0.05": 0.598706326,
      "0.06": 0.602568113,
      "0.07": 0.606419873,
      "0.08": 0.610261248,
      "0.09": 0.614091881
   },
   "0.3": {
      "0": 0.617911422,
      "0.01": 0.621719522,
      "0.02": 0.625515835,
      "0.03": 0.629300019,
      "0.04": 0.633071736,
      "0.05": 0.636830651,
      "0.06": 0.640576433,
      "0.07": 0.644308755,
      "0.08": 0.648027292,
      "0.09": 0.651731727
   },
   "0.4": {
      "0": 0.655421742,
      "0.01": 0.659097026,
      "0.02": 0.662757273,
      "0.03": 0.666402179,
      "0.04": 0.670031446,
      "0.05": 0.67364478,
      "0.06": 0.67724189,
      "0.07": 0.680822491,
      "0.08": 0.684386303,
      "0.09": 0.687933051
   },
   "0.5": {
      "0": 0.691462461,
      "0.01": 0.694974269,
      "0.02": 0.698468212,
      "0.03": 0.701944035,
      "0.04": 0.705401484,
      "0.05": 0.708840313,
      "0.06": 0.712260281,
      "0.07": 0.715661151,
      "0.08": 0.719042691,
      "0.09": 0.722404675
   },
   "0.6": {
      "0": 0.725746882,
      "0.01": 0.729069096,
      "0.02": 0.732371107,
      "0.03": 0.735652708,
      "0.04": 0.7389137,
      "0.05": 0.742153889,
      "0.06": 0.745373085,
      "0.07": 0.748571105,
      "0.08": 0.75174777,
      "0.09": 0.754902906
   },
   "0.7": {
      "0": 0.758036348,
      "0.01": 0.761147932,
      "0.02": 0.764237502,
      "0.03": 0.767304908,
      "0.04": 0.770350003,
      "0.05": 0.773372648,
      "0.06": 0.776372708,
      "0.07": 0.779350054,
      "0.08": 0.782304562,
      "0.09": 0.785236116
   },
   "0.8": {
      "0": 0.788144601,
      "0.01": 0.791029912,
      "0.02": 0.793891946,
      "0.03": 0.796730608,
      "0.04": 0.799545807,
      "0.05": 0.802337457,
      "0.06": 0.805105479,
      "0.07": 0.807849798,
      "0.08": 0.810570345,
      "0.09": 0.813267057
   },
   "0.9": {
      "0": 0.815939875,
      "0.01": 0.818588745,
      "0.02": 0.82121362,
      "0.03": 0.823814458,
      "0.04": 0.82639122,
      "0.05": 0.828943874,
      "0.06": 0.831472393,
      "0.07": 0.833976754,
      "0.08": 0.836456941,
      "0.09": 0.83891294
   },
   "1.1": {
      "0": 0.864333939,
      "0.01": 0.866500487,
      "0.02": 0.868643119,
      "0.03": 0.870761888,
      "0.04": 0.872856849,
      "0.05": 0.874928064,
      "0.06": 0.876975597,
      "0.07": 0.878999516,
      "0.08": 0.880999893,
      "0.09": 0.882976804
   },
   "1.2": {
      "0": 0.88493033,
      "0.01": 0.886860554,
      "0.02": 0.888767563,
      "0.03": 0.890651448,
      "0.04": 0.892512303,
      "0.05": 0.894350226,
      "0.06": 0.896165319,
      "0.07": 0.897957685,
      "0.08": 0.899727432,
      "0.09": 0.901474671
   },
   "1.3": {
      "0": 0.903199515,
      "0.01": 0.904902082,
      "0.02": 0.906582491,
      "0.03": 0.908240864,
      "0.04": 0.909877328,
      "0.05": 0.911492009,
      "0.06": 0.913085038,
      "0.07": 0.914656549,
      "0.08": 0.916206678,
      "0.09": 0.917735561
   },
   "1.4": {
      "0": 0.919243341,
      "0.01": 0.920730159,
      "0.02": 0.922196159,
      "0.03": 0.92364149,
      "0.04": 0.9250663,
      "0.05": 0.92647074,
      "0.06": 0.927854963,
      "0.07": 0.929219123,
      "0.08": 0.930563377,
      "0.09": 0.931887882
   },
   "1.5": {
      "0": 0.933192799,
      "0.01": 0.934478288,
      "0.02": 0.935744512,
      "0.03": 0.936991636,
      "0.04": 0.938219823,
      "0.05": 0.939429242,
      "0.06": 0.940620059,
      "0.07": 0.941792444,
      "0.08": 0.942946567,
      "0.09": 0.944082597
   },
   "1.6": {
      "0": 0.945200708,
      "0.01": 0.946301072,
      "0.02": 0.947383862,
      "0.03": 0.948449252,
      "0.04": 0.949497417,
      "0.05": 0.950528532,
      "0.06": 0.951542774,
      "0.07": 0.952540318,
      "0.08": 0.953521342,
      "0.09": 0.954486023
   },
   "1.7": {
      "0": 0.955434537,
      "0.01": 0.956367063,
      "0.02": 0.957283779,
      "0.03": 0.958184862,
      "0.04": 0.959070491,
      "0.05": 0.959940843,
      "0.06": 0.960796097,
      "0.07": 0.96163643,
      "0.08": 0.96246202,
      "0.09": 0.963273044
   },
   "1.8": {
      "0": 0.964069681,
      "0.01": 0.964852106,
      "0.02": 0.965620498,
      "0.03": 0.966375031,
      "0.04": 0.967115881,
      "0.05": 0.967843225,
      "0.06": 0.968557237,
      "0.07": 0.969258091,
      "0.08": 0.969945961,
      "0.09": 0.97062102
   },
   "1.9": {
      "0": 0.97128344,
      "0.01": 0.971933393,
      "0.02": 0.97257105,
      "0.03": 0.973196581,
      "0.04": 0.973810155,
      "0.05": 0.97441194,
      "0.06": 0.975002105,
      "0.07": 0.975580815,
      "0.08": 0.976148236,
      "0.09": 0.976704532
   },
   "2.1": {
      "0": 0.982135579,
      "0.01": 0.982570822,
      "0.02": 0.982996977,
      "0.03": 0.983414193,
      "0.04": 0.983822617,
      "0.05": 0.984222393,
      "0.06": 0.984613665,
      "0.07": 0.984996577,
      "0.08": 0.985371269,
      "0.09": 0.985737882
   },
   "2.2": {
      "0": 0.986096552,
      "0.01": 0.986447419,
      "0.02": 0.986790616,
      "0.03": 0.987126279,
      "0.04": 0.987454539,
      "0.05": 0.987775527,
      "0.06": 0.988089375,
      "0.07": 0.988396208,
      "0.08": 0.988696156,
      "0.09": 0.988989342
   },
   "2.3": {
      "0": 0.98927589,
      "0.01": 0.989555923,
      "0.02": 0.989829561,
      "0.03": 0.990096924,
      "0.04": 0.99035813,
      "0.05": 0.990613294,
      "0.06": 0.990862532,
      "0.07": 0.991105957,
      "0.08": 0.991343681,
      "0.09": 0.991575814
   },
   "2.4": {
      "0": 0.991802464,
      "0.01": 0.99202374,
      "0.02": 0.992239746,
      "0.03": 0.992450589,
      "0.04": 0.992656369,
      "0.05": 0.992857189,
      "0.06": 0.993053149,
      "0.07": 0.993244347,
      "0.08": 0.993430881,
      "0.09": 0.993612845
   },
   "2.5": {
      "0": 0.993790335,